{"cameraMode":{"drawMode":0,"name":"Shaded","section":"Shading Mode"},"sceneLighting":false,"audioPlay":false,"sceneViewState":{"showFog":true,"showMaterialUpdate":false,"showSkybox":false,"showFlares":true,"showImageEffects":true,"showParticleSystems":true},"in2DMode":false,"pivot":{"x":-0.6765716671943665,"y":8.093306541442871,"z":-7.698843955993652},"rotation":{"x":0.04615413025021553,"y":-0.27306944131851199,"z":0.01311757043004036,"w":0.9607970118522644},"size":21.021156311035158,"orthographic":false}