{"cameraMode":{"drawMode":0,"name":"Shaded","section":"Shading Mode"},"sceneLighting":false,"audioPlay":false,"sceneViewState":{"showFog":true,"showMaterialUpdate":false,"showSkybox":false,"showFlares":true,"showImageEffects":true,"showParticleSystems":true},"in2DMode":false,"pivot":{"x":0.018703341484069825,"y":-0.23824334144592286,"z":-0.3020813465118408},"rotation":{"x":0.006551231723278761,"y":-0.9865404367446899,"z":0.15819594264030457,"w":0.040855154395103458},"size":4.513449668884277,"orthographic":false}