{"cameraMode":{"drawMode":0,"name":"Shaded","section":"Shading Mode"},"sceneLighting":false,"audioPlay":false,"sceneViewState":{"showFog":true,"showMaterialUpdate":false,"showSkybox":false,"showFlares":true,"showImageEffects":true,"showParticleSystems":true},"in2DMode":false,"pivot":{"x":54.80975341796875,"y":9.108809471130371,"z":-6.1954803466796879},"rotation":{"x":-0.1318960189819336,"y":-0.5090157985687256,"z":0.07927493005990982,"w":-0.8468895554542542},"size":7.653839111328125,"orthographic":false}