{"cameraMode":{"drawMode":0,"name":"Shaded","section":"Shading Mode"},"sceneLighting":false,"audioPlay":false,"sceneViewState":{"showFog":true,"showMaterialUpdate":false,"showSkybox":false,"showFlares":true,"showImageEffects":true,"showParticleSystems":true},"in2DMode":false,"pivot":{"x":9.503311157226563,"y":-1.5216188430786133,"z":1.8263044357299805},"rotation":{"x":-0.03940076380968094,"y":-0.8345071077346802,"z":0.0601891428232193,"w":-0.5462809801101685},"size":39.4553108215332,"orthographic":false}